Fiscal Year,Category,Type,Scope,Description,Emissions,Emission Category
2022,Corporate emissions,Gross emissions,Scope 1,"Natural gas, diesel, propane",39700,High
2022,Corporate emissions,Gross emissions,Scope 1,Fleet vehicles,12600,High
2022,Corporate emissions,Gross emissions,Scope 1,Other (R&D processes & refrigerant leaks),2900,High
2022,Corporate emissions,Gross emissions,Scope 2 (market-based),Electricity,0,Low
2022,Corporate emissions,Gross emissions,Scope 2 (market-based),"Steam, heating, and cooling",3000,High
2022,Corporate emissions,Gross emissions,Scope 3,Business travel,113500,High
2022,Corporate emissions,Gross emissions,Scope 3,Employee commute,134200,High
2022,Corporate emissions,Gross emissions,Scope 3,Upstream fuel,10600,High
2022,Corporate emissions,Gross emissions,Scope 3,Work from home (market-based),7500,High
2022,Corporate emissions,Gross emissions,Scope 3,Transmission and distribution loss (market-based),0,Low
2022,Corporate emissions,Gross emissions,Scope 3,Third-party cloud (market-based),0,Low
2022,Corporate emissions,Carbon removals,Unknown,Corporate carbon offsets,-324100,Low
2022,Product life cycle emissions,Gross emissions,Scope 3,Manufacturing (purchased goods and services),13400000,High
2022,Product life cycle emissions,Gross emissions,Scope 3,Product transportation (upstream and downstream),1900000,High
2022,Product life cycle emissions,Gross emissions,Scope 3,Product use (use of sold products),4900000,High
2022,Product life cycle emissions,Gross emissions,Scope 3,End-of-life processing,80000,High
2022,Product life cycle emissions,Carbon removals,Unknown,Product carbon offsets,0,Low
2021,Corporate emissions,Gross emissions,Scope 1,"Natural gas, diesel, propane",40070,High
2021,Corporate emissions,Gross emissions,Scope 1,Fleet vehicles,12090,High
2021,Corporate emissions,Gross emissions,Scope 1,Other (R&D processes & refrigerant leaks),3040,High
2021,Corporate emissions,Gross emissions,Scope 2 (market-based),Electricity,0,Low
2021,Corporate emissions,Gross emissions,Scope 2 (market-based),"Steam, heating, and cooling",2780,High
2021,Corporate emissions,Gross emissions,Scope 3,Business travel,22850,High
2021,Corporate emissions,Gross emissions,Scope 3,Employee commute,85570,High
2021,Corporate emissions,Gross emissions,Scope 3,Upstream fuel,0,Low
2021,Corporate emissions,Gross emissions,Scope 3,Work from home (market-based),0,Low
2021,Corporate emissions,Gross emissions,Scope 3,Transmission and distribution loss (market-based),0,Low
2021,Corporate emissions,Gross emissions,Scope 3,Third-party cloud (market-based),0,Low
2021,Corporate emissions,Carbon removals,Unknown,Corporate carbon offsets,-167000,Low
2021,Product life cycle emissions,Gross emissions,Scope 3,Manufacturing (purchased goods and services),16200000,High
2021,Product life cycle emissions,Gross emissions,Scope 3,Product transportation (upstream and downstream),1750000,High
2021,Product life cycle emissions,Gross emissions,Scope 3,Product use (use of sold products),4990000,High
2021,Product life cycle emissions,Gross emissions,Scope 3,End-of-life processing,80000,High
2021,Product life cycle emissions,Carbon removals,Unknown,Product carbon offsets,-500000,Low
2020,Corporate emissions,Gross emissions,Scope 1,"Natural gas, diesel, propane",39340,High
2020,Corporate emissions,Gross emissions,Scope 1,Fleet vehicles,4270,High
2020,Corporate emissions,Gross emissions,Scope 1,Other (R&D processes & refrigerant leaks),3830,High
2020,Corporate emissions,Gross emissions,Scope 2 (market-based),Electricity,0,Low
2020,Corporate emissions,Gross emissions,Scope 2 (market-based),"Steam, heating, and cooling",0,Low
2020,Corporate emissions,Gross emissions,Scope 3,Business travel,153000,High
2020,Corporate emissions,Gross emissions,Scope 3,Employee commute,134000,High
2020,Corporate emissions,Gross emissions,Scope 3,Upstream fuel,0,Low
2020,Corporate emissions,Gross emissions,Scope 3,Work from home (market-based),0,Low
2020,Corporate emissions,Gross emissions,Scope 3,Transmission and distribution loss (market-based),0,Low
2020,Corporate emissions,Gross emissions,Scope 3,Third-party cloud (market-based),0,Low
2020,Corporate emissions,Carbon removals,Unknown,Corporate carbon offsets,-70000,Low
2020,Product life cycle emissions,Gross emissions,Scope 3,Manufacturing (purchased goods and services),16100000,High
2020,Product life cycle emissions,Gross emissions,Scope 3,Product transportation (upstream and downstream),1800000,High
2020,Product life cycle emissions,Gross emissions,Scope 3,Product use (use of sold products),4300000,High
2020,Product life cycle emissions,Gross emissions,Scope 3,End-of-life processing,60000,High
2020,Product life cycle emissions,Carbon removals,Unknown,Product carbon offsets,0,Low
2019,Corporate emissions,Gross emissions,Scope 1,"Natural gas, diesel, propane",40910,High
2019,Corporate emissions,Gross emissions,Scope 1,Fleet vehicles,6950,High
2019,Corporate emissions,Gross emissions,Scope 1,Other (R&D processes & refrigerant leaks),4870,High
2019,Corporate emissions,Gross emissions,Scope 2 (market-based),Electricity,0,Low
2019,Corporate emissions,Gross emissions,Scope 2 (market-based),"Steam, heating, and cooling",0,Low
2019,Corporate emissions,Gross emissions,Scope 3,Business travel,326000,High
2019,Corporate emissions,Gross emissions,Scope 3,Employee commute,195000,High
2019,Corporate emissions,Gross emissions,Scope 3,Upstream fuel,0,Low
2019,Corporate emissions,Gross emissions,Scope 3,Work from home (market-based),0,Low
2019,Corporate emissions,Gross emissions,Scope 3,Transmission and distribution loss (market-based),0,Low
2019,Corporate emissions,Gross emissions,Scope 3,Third-party cloud (market-based),0,Low
2019,Corporate emissions,Carbon removals,Unknown,Corporate carbon offsets,0,Low
2019,Product life cycle emissions,Gross emissions,Scope 3,Manufacturing (purchased goods and services),18900000,High
2019,Product life cycle emissions,Gross emissions,Scope 3,Product transportation (upstream and downstream),1400000,High
2019,Product life cycle emissions,Gross emissions,Scope 3,Product use (use of sold products),4100000,High
2019,Product life cycle emissions,Gross emissions,Scope 3,End-of-life processing,60000,High
2019,Product life cycle emissions,Carbon removals,Unknown,Product carbon offsets,0,Low
2018,Corporate emissions,Gross emissions,Scope 1,"Natural gas, diesel, propane",42840,High
2018,Corporate emissions,Gross emissions,Scope 1,Fleet vehicles,11110,High
2018,Corporate emissions,Gross emissions,Scope 1,Other (R&D processes & refrigerant leaks),3490,High
2018,Corporate emissions,Gross emissions,Scope 2 (market-based),Electricity,8730,High
2018,Corporate emissions,Gross emissions,Scope 2 (market-based),"Steam, heating, and cooling",0,Low
2018,Corporate emissions,Gross emissions,Scope 3,Business travel,337000,High
2018,Corporate emissions,Gross emissions,Scope 3,Employee commute,183000,High
2018,Corporate emissions,Gross emissions,Scope 3,Upstream fuel,0,Low
2018,Corporate emissions,Gross emissions,Scope 3,Work from home (market-based),0,Low
2018,Corporate emissions,Gross emissions,Scope 3,Transmission and distribution loss (market-based),0,Low
2018,Corporate emissions,Gross emissions,Scope 3,Third-party cloud (market-based),0,Low
2018,Corporate emissions,Carbon removals,Unknown,Corporate carbon offsets,0,Low
2018,Product life cycle emissions,Gross emissions,Scope 3,Manufacturing (purchased goods and services),18500000,High
2018,Product life cycle emissions,Gross emissions,Scope 3,Product transportation (upstream and downstream),1300000,High
2018,Product life cycle emissions,Gross emissions,Scope 3,Product use (use of sold products),4700000,High
2018,Product life cycle emissions,Gross emissions,Scope 3,End-of-life processing,50000,High
2018,Product life cycle emissions,Carbon removals,Unknown,Product carbon offsets,0,Low
2017,Corporate emissions,Gross emissions,Scope 1,"Natural gas, diesel, propane",36210,High
2017,Corporate emissions,Gross emissions,Scope 1,Fleet vehicles,8300,High
2017,Corporate emissions,Gross emissions,Scope 1,Other (R&D processes & refrigerant leaks),2540,High
2017,Corporate emissions,Gross emissions,Scope 2 (market-based),Electricity,36250,High
2017,Corporate emissions,Gross emissions,Scope 2 (market-based),"Steam, heating, and cooling",1156,High
2017,Corporate emissions,Gross emissions,Scope 3,Business travel,121000,High
2017,Corporate emissions,Gross emissions,Scope 3,Employee commute,172000,High
2017,Corporate emissions,Gross emissions,Scope 3,Upstream fuel,2120,High
2017,Corporate emissions,Gross emissions,Scope 3,Work from home (market-based),1500,High
2017,Corporate emissions,Gross emissions,Scope 3,Transmission and distribution loss (market-based),0,Low
2017,Corporate emissions,Gross emissions,Scope 3,Third-party cloud (market-based),0,Low
2017,Corporate emissions,Carbon removals,Unknown,Corporate carbon offsets,-112220,Low
2017,Product life cycle emissions,Gross emissions,Scope 3,Manufacturing (purchased goods and services),21100000,High
2017,Product life cycle emissions,Gross emissions,Scope 3,Product transportation (upstream and downstream),1200000,High
2017,Product life cycle emissions,Gross emissions,Scope 3,Product use (use of sold products),4700000,High
2017,Product life cycle emissions,Gross emissions,Scope 3,End-of-life processing,40000,High
2017,Product life cycle emissions,Carbon removals,Unknown,Product carbon offsets,-100000,Low
2016,Corporate emissions,Gross emissions,Scope 1,"Natural gas, diesel, propane",27000,High
2016,Corporate emissions,Gross emissions,Scope 1,Fleet vehicles,7370,High
2016,Corporate emissions,Gross emissions,Scope 1,Other (R&D processes & refrigerant leaks),3445,High
2016,Corporate emissions,Gross emissions,Scope 2 (market-based),Electricity,41000,High
2016,Corporate emissions,Gross emissions,Scope 2 (market-based),"Steam, heating, and cooling",1156,High
2016,Corporate emissions,Gross emissions,Scope 3,Business travel,118000,High
2016,Corporate emissions,Gross emissions,Scope 3,Employee commute,186000,High
2016,Corporate emissions,Gross emissions,Scope 3,Upstream fuel,2120,High
2016,Corporate emissions,Gross emissions,Scope 3,Work from home (market-based),1500,High
2016,Corporate emissions,Gross emissions,Scope 3,Transmission and distribution loss (market-based),0,Low
2016,Corporate emissions,Gross emissions,Scope 3,Third-party cloud (market-based),0,Low
2016,Corporate emissions,Carbon removals,Unknown,Corporate carbon offsets,-112220,Low
2016,Product life cycle emissions,Gross emissions,Scope 3,Manufacturing (purchased goods and services),22800000,High
2016,Product life cycle emissions,Gross emissions,Scope 3,Product transportation (upstream and downstream),1200000,High
2016,Product life cycle emissions,Gross emissions,Scope 3,Product use (use of sold products),4900000,High
2016,Product life cycle emissions,Gross emissions,Scope 3,End-of-life processing,300000,High
2016,Product life cycle emissions,Carbon removals,Unknown,Product carbon offsets,-100000,Low
2015,Corporate emissions,Gross emissions,Scope 1,"Natural gas, diesel, propane",19360,High
2015,Corporate emissions,Gross emissions,Scope 1,Fleet vehicles,8740,High
2015,Corporate emissions,Gross emissions,Scope 1,Other (R&D processes & refrigerant leaks),3445,High
2015,Corporate emissions,Gross emissions,Scope 2 (market-based),Electricity,42460,High
2015,Corporate emissions,Gross emissions,Scope 2 (market-based),"Steam, heating, and cooling",1156,High
2015,Corporate emissions,Gross emissions,Scope 3,Business travel,139940,High
2015,Corporate emissions,Gross emissions,Scope 3,Employee commute,172970,High
2015,Corporate emissions,Gross emissions,Scope 3,Upstream fuel,2120,High
2015,Corporate emissions,Gross emissions,Scope 3,Work from home (market-based),1500,High
2015,Corporate emissions,Gross emissions,Scope 3,Transmission and distribution loss (market-based),0,Low
2015,Corporate emissions,Gross emissions,Scope 3,Third-party cloud (market-based),0,Low
2015,Corporate emissions,Carbon removals,Unknown,Corporate carbon offsets,-112220,Low
2015,Product life cycle emissions,Gross emissions,Scope 3,Manufacturing (purchased goods and services),29600000,High
2015,Product life cycle emissions,Gross emissions,Scope 3,Product transportation (upstream and downstream),1300000,High
2015,Product life cycle emissions,Gross emissions,Scope 3,Product use (use of sold products),6600000,High
2015,Product life cycle emissions,Gross emissions,Scope 3,End-of-life processing,500000,High
2015,Product life cycle emissions,Carbon removals,Unknown,Product carbon offsets,-100000,Low
